,rmse,mae,r2,coverage_50,coverage_95,mean_uncertainty,pred_range
0,10.326644,7.93636,0.9598958003405771,0.10249307479224377,0.2770083102493075,1.5600339,159.6607
